날짜,리뷰,predicted,score,5scaled
7.10.일,"진짜 진짜 맛있었어요 자극적이지 않고 슴슴한데 너무 맛있었어요!!!
국수는 비빔이 더 맛나요 추천~",9,0.9801589250564576,5.0
7.9.토,맛나요~,6,0.3167503178119659,3.5
7.9.토,좋아요 ,5,0.4439931809902191,3.0
7.3.일,👍 👍 👍 👍 👍 👍 👍 👍 👍 👍 👍 👍 👍 👍 👍 👍 👍 👍 👍 👍 👍 👍 👍 👍 👍 👍 👍 👍 👍 👍 👍 👍 👍 👍 👍 👍 👍 👍 👍 👍 👍 👍 👍 👍 👍 👍 👍 👍 👍 👍 👍 👍 👍 👍 👍 👍 👍 👍 👍 👍 👍 👍 👍 👍 👍 👍 👍 👍 👍 👍 👍 👍 👍 👍 👍 👍 👍 👍 👍 👍 👍 👍 👍 👍 👍 👍 👍 👍 👍 👍 👍 👍 👍 👍 👍 👍 👍 👍 👍 👍 👍 ,9,0.8971653580665588,5.0
7.1.금,좋아요,6,0.3745245933532715,3.5
6.26.일,좋아요,6,0.4508323669433594,3.5
6.18.토,맛나요 ,7,0.2663297653198242,4.0
6.18.토,잣두부만두전골,9,0.8534383773803711,5.0
6.12.일,괜찮았어요,9,0.2817209959030151,5.0
6.11.토,"맛있게 잘먹었어요! 
가족단위로 손님들 엄청 들어오시더라구요 
아기랑 가기에도 너무 좋아요",9,0.9884560108184814,5.0
6.8.수,대체로 음식이 담백하니 제 입맛에 딱~~,9,0.4394458532333374,5.0
6.6.월,두부 고소하고 맛있어요,7,0.310428649187088,4.0
6.1.수,맛있어요,9,0.30976602435112,5.0
6.1.수,ㅇ,5,0.4754341244697571,3.0
6.1.수,"두부 자체도 고소하고 맛있고 밑반찬&보쌈도 대체적으로 맛있는 편입니다..근데 전골 국물이 너무 밍밍하고 전은 다 식어서 나오고 진짜 한지처럼 얇아요. 미리 몇십장 부쳐놓고 그릇에만 담겨나오는거 같아요 바로바로는 아니
더라도 데워서라도 주시지. 어린 알바생들이 행주질도 대충해서 식탁,의자,버너에 고춧가루랑 음식물 떨어져있어서 식욕 확 떨어졌어요..계단대에서 계산하는데에서 아무리 불러서 사람이 안와요 제발 계산좀해달라고 5번 정도 
부름..젊은 남자분이 사장님이신건가요? 눈도 안마주치고 돈내려고 불러도 분명히 들렸는데 나오지를 않으셔요 아마 사장님이 없으셨던거 같아요 매니저한테 가게 맡겨놓은듯ㅜ 총책임자가 자주 테이블 돌면서 손님/테이...",0,0.5155913233757019,0.5
5.28.토,좋아요 ,5,0.3417165875434875,3.0
5.28.토,맛있네요,6,0.3468468189239502,3.5
5.26.목,"맛은 그럭저럭, 손님 응대는 불친절해요.  삼삼한 맛을 좋아하는 사람으로서 맛은 괜찮았어요. 그런데 직원 분께서 상당히 불친절 하셨어요.  영수증을 부탁드렸는데 이미 지나간 계산 건에 대한 영수증은 뽑아줄 수 없다며 심하게
 짜증을 내시더라고요...여행중 잘 먹고 기분 좋게 나올 수 있었는데 직원 분 때문에 그럴 수 없었네요. 설령 음식이 맛있다해도 불친절한 식당에서는 그 맛이 절반 넘게 삭감된다는 걸 느끼게 해주셨어요.",0,0.4911855459213257,0.5
5.25.수,"지인분 추천으로 갔는데 맛있네요..
반찬도 깔끔, 정갈~ 
간이 쎄지않아서 너무 좋았어요",9,0.973100483417511,5.0
5.22.일,맛있어요 ,9,0.3848951756954193,5.0
5.22.일,꿀맛,9,0.8843790888786316,5.0
5.22.일,맛있어요 !,9,0.7036504149436951,5.0
5.15.일,굿,6,0.320817768573761,3.5
5.14.토,"막국수 고깃집 후식수준.. 그리고 음식나오는데 무쟈게오래걸려요 각오하고 가시길
다른리뷰들보니까 다 늦게나오는것에 말이 많던데 진짜 개선좀 하세요ㅠㅠ뒷테이블 손님들도 늦게주문한곳이 먼저나오냐고  난리나고  불쌍한 어린알바들만 영혼없이 죄송하다 사과하며 고통받는 이상한곳 ㅠ 고치세요..직원을 더쓰던지.. ㅠㅠ",0,0.9013959765434264,0.5
5.8.일,좋아요,6,0.4137299954891205,3.5
5.6.금,"가평하면 잣이 유명하죠. 채원에서 정식을 시키니 전골이랑 잣두부, 전이랑 보쌈에 메밀막국수까지~ 맛있게 잘 먹었습니다. 전골은 새우젓 간을한 시원한 국물이 좋구요, 두부는 잣이 콕콕 박혀 꼬셔요:) 보쌈도 괜찮구요, 밑반찬
들 특히 깻잎이랑 고추지 맛있어요~ 친절은 덤이구요~ 아침고요수목원 가는길에 있으니 가평 갈때 한번 들러봐도 좋을 식당^^",9,0.9387708902359008,5.0
5.5.목,마싯,9,0.959511697292328,5.0
5.4.수,좋아요 ,7,0.2720133364200592,4.0
5.1.일,친절하네요,6,0.4101417660713196,3.5
4.30.토,"점심시간 지나서 방문해가지고 대기없이 방문하였습니다! 음식은 느리게 나오지만, 맛있습니다! 개인적으로 자극적이지 않아서 A세트 둘이서 배부르게 먹었어요! 원래 비빔국수 좋아하는데, 여기 물막국수 맛있습니다! 동치미육
수 너무 맛있어요😊😊",9,0.9345998167991638,5.0
4.28.목,두부전골 3인분 주문했고 양이 적은줄 알았는데 배부르게 먹었네요ㅎㅎㅎ.  반찬도 다 맛있었어용~~  간도 짜지않고 적당했어용,9,0.8209512829780579,5.0
4.27.수,"깔끔하고 맛있어요.
잣두부 고소하구요",9,0.4985158443450928,5.0
4.24.일,굿,6,0.3614083230495453,3.5
4.23.토,음식은 그냥 그랬는데 알바생분들이 무지 친절했어요!,5,0.6638917326927185,3.0
4.23.토,ㄴ,5,0.5905470252037048,3.0
4.18.월,좋아요,6,0.3313936591148376,3.5
4.17.일,"여기는 운영체계가 없나요..? 음식이 주문 순서대로 나오지 않아요 ㅋㅋㅋㅋ 랜덤 시스템인가봐요;;;  우리보다 늦게 온 팀이 먼저 나오길래 정신없어서 그럴 수 있다 생각하고 기다렸습니다. 그래도 나오지 않아서 물어보니 그제야 후다닥 주네요 ㅋㅋㅋ 우리만 이런줄 알았더니 다른 팀도 언제주냐고 화를 내시더라구요..그 팀도 그제야 나오더라는ㅋㅋㅋㅋㅋ
이런 큰 식당에 직원도 많으면서 순서도 체크 못하는건 어찌 이해해야할까요.. 음식 많이 팔 생각하시기 전에 운영 방식 먼저 손 좀 보셔야겠어요.. 이런 곳은 처음이네요 ㅋㅋㅋㅋ",0,0.9503608345985411,0.5
4.16.토,"기분좋게 갔다가 불편하게 나왔네요.. 막국수 포장하러 갔고 많이 바쁜곳이라서 놀라긴했는데 카운터 직원분께서 주방에 포장가능한지 물어보고 포장주문하고 시간이 오래 걸린다기에 그래도 참고 기다렸고 20분 이상이 흐르고
직원분께 다됐는지 물어봤지만 돌아오는 답변은 몇분이냐며 처음보는것처럼 얘기하시기에....이건 잘못됐다는 생각에 주문 들어간거 물어보니 죄송하다는 답변만 돌아오네요.. 미리 주문까지 했는데 오더들어간건 어디로 갔을
까요.. 웨이팅하는 고객님과 같이 돌아가는건 아닐까라는 웃긴 생각을 했는데 웃긴게 아니라 다큐로 돌아왔네요... 그냥 바쁜와중이면 포장이 안된다고 딱잘라 말해주세요 주변에 다른 식당을도 많은데 시간낭비는 안했겠...",0,0.7374829053878784,0.5
4.16.토,한옥건물에 음식 깔끔합니다,9,0.3036777079105377,5.0
4.13.수,좋아요,5,0.3206823468208313,3.0
4.10.일,40분이 넘어서야 음식을 받았습니다....  주말이라 바쁜거 아는데 그럼 주문받을 때 음식이 늦게 나온다 말해주셨음 저도 다른데를 가던지 기다릴지 선택을 할텐데. .공지도 없고 주문확인서가 없으니 주문이 들어간지도 모르고. . .3번이나 가서 주문들어갔는지 확인하고. .40분 기다리고 화가나서 마지막에 또 말하니 그제서야 주문이 들어갔는지 음식이 바로 나오고  그전에는 물만 먹으며 그냥 앉아서 계속 기다렸습니다.  저희 챙겨주신 알바님 아니면 . . 하하하,0,0.5360249876976013,0.5
3.20.일,"배도 고프고 골고루 먹어보고 싶어서 A정식(막국수 2, 보쌈, 메밀전, 두부) 주문했어요!  국물이 먹고 싶다면 전골이 포함된 C정식(두부 전골, 보쌈, 메밀전) 추천~  음식이 전반적으로 맛있었어요- 두부랑 메밀전은 금방 나온듯 따
뜻하고 고소했어요- 수육은 촉촉하고 부들부들 해서 같이 나온 채소랑 양념장에 싸먹으니 꿀맛!  막국수는 비빔과 물 하나씩 주문했는데 둘 다 매력 있고, 물막국수는 동치미 국물처럼 상큼했습니다.   음식들이 하나같이 간이 자
극적이지 않아서  먹고 나서도 속이 편해서 좋았어요~",9,0.6683071851730347,5.0
3.13.일,두부전골 국물이 너무 시원하고 맛있습니다. 밑반찬 너무 깔끔하고 고추양념 장아찌랑 메밀전을 싸먹음 넘 맛있어요~~. 밥 한공기 뚝딱,9,0.9303638339042664,5.0
3.1.화,"반찬은 맛있는데, 메인 전골 국물이 진짜 이맛도저맛도 아니네요! 생각보다 짜긴한데 뭔가 2프로 부족한맛! 언덕집이 별로라 여기왔는데 더 별루네여~수목원근처라 그런지;;;  서비스로 나오는 순두부도 전자렌지에 돌려주시는지
  어느부분은 따뜻하고 어느부분은 차갑고 그래요.. 음식에 좀 더 정성을 들이시는게 좋을듯ㄷㄷ",3,0.2961224913597107,2.0
2.27.일,잣두부전골인데 두부에 잣이 소금만큼 들어있어요…잣향도 잘 안나고 ㅠㅠ ,5,0.3525561690330505,3.0
2.27.일,맛있네요:),9,0.6811462640762329,5.0
2.26.토,굿,6,0.2704371809959411,3.5
2.12.토,잣두부 신기하고 맛있어요! 갓나온채라 뜨끈하고! 편육도 메밀전도 순두부도 너무 맛나게 잘먹었습니다!,9,0.9518690705299376,5.0
1.26.수,"사장님도 친절하시고 음식도 정말로 맛있어요 ^^
잣두부전골 굿 ^%",9,0.986735701560974,5.0
1.24.월,음식이 담백하고 맛있네요! 추천해용,9,0.8426815271377563,5.0
1.19.수,맛잇어요,9,0.3120002746582031,5.0
1.15.토,너무 맛있어요~,9,0.716822624206543,5.0
1.15.토,음식이 깔끔하고 너무맛있네요  잘먹었습니다,9,0.9871672987937928,5.0
1.10.월,좋아요,6,0.4045618176460266,3.5
21.12.31.금,음식이 깔끔하고 친절하세요,9,0.4214950501918793,5.0
21.12.22.수,"가평 아침고요수목원 근처에 있는 음식점
편육과 잣두부 맛있게 먹었다.",7,0.5422574281692505,4.0
21.12.11.토,두부가 아주 맛있습니다 :),9,0.7623698711395264,5.0
21.12.5.일,"잣두부 가게가 많지만 평이 좋아서 방문했어요 전날 고기 많이 구워 먹어서 개운하게 전골로 해장하기 좋네요 매장도 넓고 깨끗하고 직원분도 친절하시고 제일 중요한 음식맛도 괜찮네요 밑반찬도 깔끔하고 다양해서 밥 반찬하
기 딱이고 메인 음식이 다 맛있었어요! 간도 적당하구요 다음에 또 재방문 하고 싶네요",9,0.9876151084899902,5.0
21.12.4.토,"가평쪽 여행왔다 점심먹으러 들렸는데요..
음식 정갈하고 만두전골은 조미료가 안들어 갔는데도 국물이 시원하고 맛있었습니다.(조미료에 길들여진 입맛임) 다음에 가평 가게되면 또 들리겠습니다.",9,0.8891113996505737,5.0
21.11.21.일,좋아요,6,0.3481254577636719,3.5
21.11.21.일,"강아지데리고 갈수있어서 좋았어요
두부전골2인 먹었는데 간도 너무세지않고 깔끔하고 고소하고 너무맛있었어요~ 가평 올때마다 갑니다ㅎ",9,0.9888229370117188,5.0
21.11.16.화,So  so,5,0.7476603388786316,3.0
21.11.13.토,"두부전골 간이 세지 않아서 좋아요.
영수증에 아메리카노 한잔 쿠폰도 찍어주시네요.
근처 카페75에서 교환가능.",9,0.3107921779155731,5.0
21.11.11.목,맛있어요 2인세트 양딱좋아요,9,0.5868296027183533,5.0
21.11.7.일,반찬이 정갈해요,7,0.4286682307720184,4.0
21.11.7.일,흠..,4,0.2512347400188446,2.5
21.11.7.일,음,5,0.3396101295948028,3.0
21.11.3.수,"전골이 맛있네요
나물반찬도 맛있어요",7,0.5099042654037476,4.0
21.11.1.월,"두부가 부들부들하니 뜨끈한 전골 맛나게 먹었어요.
막국수도 먹을만하고요 음식맛이 전체적으로 자극적이지 않아 좋아요
전골시키니 전이 함께나오네요~",7,0.4078303873538971,4.0
21.10.30.토,가평맛집으로 강추입니다!,9,0.9307432174682616,5.0
21.10.29.금,두부전골 깔끔해요. 반찬이랑 양도 많아요.,9,0.3433800041675567,5.0
21.10.29.금,좋아요,6,0.4523438513278961,3.5
21.10.28.목,"잣두부만두전골 시키니 메밀전, 순두부도 나오니 넘 좋으네요~
맛있어요!!",9,0.972621202468872,5.0
21.10.27.수,좋아요,6,0.4151953756809234,3.5
21.10.27.수,건강한 메뉴에 맛도 좋았어요~,9,0.6117953062057495,5.0
21.10.24.일,"음식은 깔끔 하고 맛있었어요.
다만.. 바쁘지 않은 시간에 방문 하였는데 바쁘신지 접객은 만족 스럽진 않았습니다.",5,0.5066450238227844,3.0
21.10.23.토,맛있어요,6,0.342096596956253,3.5
21.10.17.일,잣두부 정말 맛있었어요!,9,0.5796810984611511,5.0
21.10.17.일,좋아요,6,0.4136108458042145,3.5
21.10.13.수,"두부를 좋아해서 저는 너무 맛있게 먹었어요 ;-) 비빔막국수도 맛있었고요, 배불리 먹은 것 같아도 속편하고 좋았습니다~ 전골도 많이들 드시던데 재방문시엔  먹어보고 싶네요",9,0.9630061388015748,5.0
21.10.13.수,굿,9,0.4404172599315643,5.0
21.10.13.수,음식이 정갈해요. 전골은 약간 아쉬웠어요.,5,0.4569430351257324,3.0
21.10.12.화,집밥음식 청결,9,0.5540933609008789,5.0
21.10.10.일,보통입나다,5,0.7030730247497559,3.0
21.10.10.일,맛은 있지만 누구하나 질서있게 하는 매니저같은분이 안계시네요 식사나오는 순서도 엉터리에요. 잘될수록 더 신경써주셔야 할듯합니다~~~~,0,0.4600367844104767,0.5
21.10.9.토,감사합니다,6,0.3115041851997375,3.5
21.10.9.토,"음식은 맛있어요, 서빙실수는 아쉽지만:)",6,0.6424092054367065,3.5
21.10.4.월,"친절하시기도하고 음식이 정갈하니 정말 맛있어요^^
밑반찬들도 간이 슴슴하니 짜지 않아서 
아이들 먹이기에도 좋고 건강해지는 밥상 이었어요♡",9,0.9921892881393432,5.0
21.10.4.월,"잣두부만두전골 맛있어요^^ 밑반찬들도 푸짐하고
배부르게 완전 잘먹고왔습니다~~!!",9,0.9620615243911744,5.0
21.10.4.월,지인이 너무 맛있었다며 자랑해서 갔어요 근데 기가막혀요 자랑할만했어요~ 만두전골사랑하는 1인으로 음식맛은 물론 깨끗한 매장에서 편하게 너무 맛있는 음식 먹고 왔어요~ 다음엔 편육으로 갑니다 ㅋ,9,0.993054211139679,5.0
21.10.4.월,넓고 깔끔한 식당이라 그런지 코로나에도 걱정없이 식사하기 좋았어요 건강한 음식을 맛있게 먹어서 그런건지 식사시간 내내 즐거웠답니다 맛있었어요!!,9,0.9821614027023317,5.0
21.10.4.월,탁트인곳에서 건강한 음식을 먹으니 절로 힐링되는 기분이었습니다 담백하고 고소하니 제 입맛에 잘 맞고 계속 먹게되는 음식인것 같아요 맛있게 잘먹고 왔습니다,9,0.9877097606658936,5.0
21.10.4.월,"음식이 대체적으로 다 맛있어요
고소하고. 막국수도 맛나요 !!
입에 착착 !!! 자꾸 생각날것같은 맛~!!",9,0.9793093204498292,5.0
21.10.4.월,한정식집 찾다가 드라이브 겸 와봤는데 뷰도 좋고 음식도 깔끔하고 맛도 좋네요 ㅎ 경치보며 먹으니 더 맛있는거 같고 다음에 부모님 모셔오면 좋을것 같아 기억해두려구요~,9,0.9354615211486816,5.0
21.10.4.월,"코로나로 이래저래 밖에서 밥먹은지 오래됐는데
방역지침도 철저하고 위생 신경쓰시는 티가 나서 안심하구 밥먹고 왔네요 ㅋㅋㅋ
별 기대 없이 왔는데 넘 많이 먹고 바지 단추 풀고 집갔다는..ㅋㅋㅋ 잘먹구 가요~~",9,0.980154037475586,5.0
21.10.4.월,음식 깔끔하고 정갈하게 잘 나오더라구요~ 애들도 맛있다고 잘 먹고 직원분들 다들 친절하셔서 기분좋게 잘 먹고 왔어요~~  재방문하려구요 ^^,9,0.9805580973625184,5.0
21.10.4.월,"편육 쫄깃하니 맛있어요! 잡내도 없고 깔끔한 맛으로 잘 먹고 갑니다
근처 뷰도 좋아서 밥먹고 산책하기 좋네요
집가면 생각날 맛이라 또 올거같아요ㅋ",9,0.989635169506073,5.0
21.10.4.월,가족여행 왔다가 먹었는데 막국수 넘넘 맛나요^^ 양도 푸짐해서 배부르게 먹고왔네요 ㅎㅎ 다음에 또 올게요 ^^,9,0.92075514793396,5.0
21.10.4.월,"잣 두부 전골 칼칼  고소하니 맛있어요~!!
순식간에   다 먹어버렸어욥 ㅎㅎ
매장도 깔끔하고 친절하고 담에 다시 올께요",9,0.9664523005485536,5.0
21.10.4.월,"전골 찐 맛있네요^^ 
친구랑 냠냠  너무 잘 먹었어요~~!!!",9,0.9842182397842408,5.0
21.10.4.월,메밀전과 막국수는 깐부죠^^ 맛나게 잘 먹었오요. 가평가게 되면 또 가보려구요~~,9,0.8427841067314148,5.0
21.10.4.월,"음식이 다 간이 잘 맞아요 담백하니 깔끔하고 맛있네요^^ 다 친절하시고 매장도 깨끗하네요~!
잘 먹고 왔습니다!",9,0.982276976108551,5.0
21.10.4.월,"국물이 시원하고 맛있었어요 ㅎㅎ 
나온음식 다 맛있었어요~~  맛집이 괜히 맛집이 아니네용ㅎ 담엔 부모님 모시고 먹으러 갈라고요 여기음식 좋아하실거같아요",9,0.966974914073944,5.0
21.10.4.월,매장 넓고 좋네요  출장 나갔다가 들렸어요 함께 간 동료랑 맛있게 잘 먹고 왔네요 번창하세요 기회되면 또 방문할 의향있습니다,9,0.93257075548172,5.0
21.10.4.월,"음식들 맛있네요 잘 먹었습니다^^
나오면서 두부과자도 사왔는데 과자도 별미네요 ㅎㅎ",9,0.9759743809700012,5.0
21.10.4.월,"엄마 모시고 갔는데 너무 좋아하셨어요^^
음식맛도 좋구 직원분들 너무 친절하셔서
기분좋게 식사하고 왔네요!!~",9,0.9823029637336732,5.0
21.10.4.월,청결에   민감한편인데   매장 엄청 깔끔하구요.  면 좋아하는 저는 개인적으로 동치육수의 물막국수가 좋았어요  추전^^,9,0.3029904365539551,5.0
21.10.4.월,"푸짐한 상차림 너무 좋았어요. 오랜만에 
식구들이 맛있는 음식 든든하게 먹고 왔습니다",9,0.8484877347946167,5.0
21.10.4.월,반찬들이 간도 쎄지 않아서 애들이 먹기도 좋더라구요.  특히 편육은 막걸리랑 환상 조합이었습니다,9,0.989109754562378,5.0
21.10.4.월,직원분들이 다들 친절하셔서 분위기 엄청 좋더라구요 찾아간 보람이 있네요. 음식들이 푸짐하면서 깔끔하고 다 맛있었습니다^^,9,0.9847192764282228,5.0
21.10.4.월,반찬이 종류가  다양하고  깔끔하고  맛있어요.  재료들이 신선하니 안맛있을수가  없어요^^재방문 예약입니다,9,0.9816363453865052,5.0
21.10.4.월,"매장이 정말 깔끔해요
얼큰 시원한 전골을 먹다보니 막걸리를 안먹을수가 없었네요 ㅎㅎ
음식도 맛있고 직원분들 친절하셔서 또 가고 싶은 집입니다:)",9,0.985755741596222,5.0
21.10.4.월,"두부가 너무 꼬시고 맛나요 두부가 새로운 요리네요
반찬도 깔끔하니 부담스럽지않게 잘어울리게 조합되있어서 재대로된 한끼를 먹고가네요
맛있게 잘먹었어요",9,0.8674787282943726,5.0
21.10.4.월,"막국수가 먹고 싶어서 들어간거라 두부는 별생각 없이 시켰는데 너무 맛있네요
잣두부 처음 먹어보는데 콩두부보다 고소한 맛이 진한거 같아요",9,0.7650541663169861,5.0
21.10.4.월,"전골 국물맛이 정말 끝내주는곳~들쩍지근한 조미료맛이 아닌 건강한 감칠맛이라고 하고 싶음^^
막국수도 깔끔하게 맛나요",9,0.9735903143882751,5.0
21.10.4.월,"친구랑 둘이가서 정식먹었어요~ 
양도 푸짐하고 맛까지 일품이네요^^",9,0.9696785807609558,5.0
21.10.4.월,"부모님모시고 방문
너무 고소하시다면 좋아하시고 제입맛에고 담백하니
딱이네요^^ 너무 맛있어요",9,0.9904098510742188,5.0
21.10.3.일,반찬들이 깔끔하고 잘 나와요~ 막국수랑 메밀전에 메밀향이 진해서 제대로된걸 먹었단 느낌이에요~~~,7,0.5042505860328674,4.0
21.10.3.일,"편육 메밀전모두부 막국수~골고루 시켜서
맛있게 잘먹었네요 친절하시고 음식도 다
깔끔하고 좋았어요",9,0.9556207656860352,5.0
21.10.3.일,"가평하면 잣인데 잣두부전골 생각외로 맛있고
넘 고소해요~ 비빔 막국수도 별미네요",9,0.883152186870575,5.0
21.10.3.일,"잣두부라 그런지 확실히 더 고소하네요.
맑은 국물의 만두전골도 맛있고요~",9,0.462556391954422,5.0
21.10.3.일,"비슷한 음식을 파는 식당이 주변에 꽤 있는데 아늑해 보이는 식당 외관이 마음에 들어 선택했습니다.
만두전골도 깔끔하면서 시원하니 맛있습니다.",9,0.946578085422516,5.0
21.10.3.일,"메밀전 너무 맛잇게먹었네요 정식셋트 모두 맛잇고 양도 넉넉했어요 
추가로 시킨 모두부도 별미였어요 맛잇게 잘먹고 갑니다",9,0.9871373176574708,5.0
21.10.3.일,"정식 구성이 너무 좋아요 오랜만에 먹은 편육이랑 메밀전이 너무 맛잇어서 기분좋은 식사했어요
양도 넉넉해서 배부르게 잘먹었네요",9,0.9877747297286988,5.0
21.10.3.일,"친절하시고 음식이 깔끔하고 제입맛에 잘
맞아서 맛있게 먹었어요~ 다음에 가평올때 또
들려야겠어요",9,0.9503911137580872,5.0
21.10.3.일,전골이랑 편육 둘 다 맛깔남~~ 편육 잘 안먹는데 요긴 맛있어요 쫀득하면서 잡냄새 없구~ 반찬들도 다양하고 암튼 또 생각날거 같아요^^,9,0.9019355177879332,5.0
21.10.3.일,좋아요,5,0.3717449903488159,3.0
21.10.3.일,가평에오면 막국수는 꼭 먹어야해서 들린 곳. 야채도 넉넉하지만 국수가 많아서 좋았어요. 편육.메밀전  아이들도 잘먹고 양도 넉넉해서 좋았어요. 단체로 가서 먹기도 좋아요,9,0.6088888049125671,5.0
21.10.3.일,비빔과 물 두가지 다 맛있는 막국수집!! 두명 이상 갔다면 두가지 시켜서 같이 맛보길 추천합니다. 막국수와 같이 곁들일 편육도 추천해요~,9,0.7262442111968994,5.0
21.10.3.일,"식구들과 함께하기 좋은곳이네요
  맛도 담백하고 깔끔해요^^   다들 맛있다고 하네요",9,0.800631582736969,5.0
21.10.3.일,"맛있게 먹고 왔습니다.
자극적이지 않으면서 담백하고 고소한 음식이 좋았습니다.",9,0.7845855355262756,5.0
21.10.3.일,"음식 맛도 훌륭하고 양도 많은데 가격도 저렴한 편인 것 같아요.
비지 같기도 한 잣두부가 맛있으면서 인상적에요 :)",9,0.8484440445899963,5.0
21.10.3.일,주차 편해요~ 매장 너~무 깔끔하고 아늑해요 지인추천으로 갔지만 나중엔 매장에서 먹어봐야겠어요 만두전골은 끓이면서 먹어야 맛있잖아요~~~,9,0.4655843377113342,5.0
21.10.3.일,막국수 너무 맛있어 싹싹 긁어 먹었네요 아이들이 더 잘먹어서 아쉬움이 살짝 남네요. 다음에도 꼭 들리까합니다. 가평갈때 꼭 한번 들러보세요,9,0.8301644325256348,5.0
21.9.28.화,"위암 수술한 남편이 먹기 딱이네요~넘 맛있게 감사히 먹고 가요~  사장님도 미인이세요 ㅎㅎ
양이 적다는 분도 계시던데 우리는 엄청 배불렀는데도 남기기 아까워 열심히?  먹을 정도였네요 ㅋㅋ   저희는 양 많은집보다  정성 가득한 집이 더 좋아서요~~^^",9,0.9773305654525756,5.0
21.9.27.월,건강한맛...엄마 모시고 딸램이랑 삼대 힐링여행중 식사 맛나게 잘 먹었어요~^^,9,0.5551421642303467,5.0
21.9.22.수,음식이깔끔하고 너무맛있었어요,9,0.9841516017913818,5.0
21.9.20.월,맛있어요,6,0.2820336818695068,3.5
21.9.20.월,좋아요. 많이 기다려요,6,0.339944452047348,3.5
21.9.20.월,맛있어요.특히 모두부 굿,9,0.8690390586853027,5.0
21.9.20.월,"요 근래 갔던 음식중 중 최악이네요. 밖에서 기다리는데 40분, 자리에 앉아서 50분 기달렸어요.   30분정도 기달리면 된다더니 1시간 30분 기다림. 애초에 대기시간을 대략적이라도 말해주면 다른데로 가지, 자기 가게에 인원이 
이정도면 몇분 회전하는지 감도 없는 사람임. 손님이 많은게 문제가 아니라 알바생들이 음식 치우다 말고 물갖다주고 치우던 상은 그대로 나두면서 밥 운반하고 있고 체계가 전혀 없네요. 밖에 사림들은 줄지어 기다리고 있는데 
매장안엔 안치운 빈자리는 넘쳐나고... 가게 처음 운영하는듯?  호출벨도 없고 사방에서 음식안나오냐고 외치는거보면 주방에서도 음식 주문, 만드는 체계도 없는듯... 반찬달라고 해도 안주고... 에휴.. 노답가게임. 두번다...",0,0.9127632975578308,0.5
21.9.19.일,두번째 방문입니다 역시나  맛있어요ㅎ 기다린 보람이있어요 담엔 예약해야할듯~헷,9,0.6571513414382935,5.0
21.9.19.일,연휴에 할머니모시고 갔는데 너무 만족스러운 식사였습니다 !! 손님이 너무많아서 바쁘신데도 반찬더달라고 하기그랬는데 먼저 물어봐주셔서 감사해용 ㅎㅎ 번창하세요 !!,9,0.9877356886863708,5.0
21.9.19.일,남자친구랑 가평 여행 와서 먹었는데 너무 맛있어요🤍 담에 또 올게용(●´ω｀●),9,0.984489679336548,5.0
21.9.19.일,"진심으로 추천하지 않습니다. 이런 리뷰 작성은 처음인데, 저같은 피해 보시지 말고 다른 곳에서 기분좋게 식사하시길 바라는 마음에 몇 자 적어봅니다.  1. 서빙시스템이 너무 비효율적이라 뭐하나 제대로 가져다 주지 않고 여러 
번 말해도 안먹힙니다.사장 포함 직원이 4명이 넘는데 일처리가 하나도 안됩니다. 시스템 개선하셔야 합니다.  사장님 죄송하다는 말씀도 한마디 안하시더군요. 2. 음식양이 너무 작고 비쌉니다. 모두부와 두부전골의 두부양도 정
말 조금이라 놀랐네요. 만두는 냉동으로 잘 익지도 않고, 육수는 맹물을 쓰시네요. 가스버너 화력이 약해 전골이 익는데 한참을 걸립니다.  총평: 가격대비 돈이 아깝습니다. 서비스, 음식 양, 맛, 모두 최악입니다. 다시는 가...",0,0.9163084626197816,0.5
21.9.19.일,"1. 손님이 와서 앉았는데 주문을 할수가 없음 벨x 계속 손 들고 부르는데 안옴 2. 주문을 했는데 수저통이랑 휴지 달라고 여러번 말하니까 줌 3. 부탄가스 약한거 같다고 역시나 여러번 말했는데 안바꿔줌 4. 휴지 달라고 할때 앞치
마랑 간장 더 달라고 했는데 간장도 세번 말하니까 주고 더달라고요? 이러면서 주고  앞치마는 끝까지 안줘서 뭐라고 하니까 줌 5. 상기 1~4번 이유로 계속 뭐라고 했는데 단한번도 죄송하다 안함. 사장님 누구냐고 장사 너무 한다
했는데도 절대로 죄송하다고 안함 6. 양이 너무 적음 만두전골 3인분이 36,000인데 타 식당 전골 2인분 보다도 적음. 모두부는 8,000인데 겨우 6조각 나옴 양이 적어도 너무 적음 4인 가족이 44,000원에 배불리 먹지도 못함...",0,0.824945867061615,0.5
21.9.18.토,"음식들 맛있고 친절해용 ㅋㅋ 
반찬이 맛있어유 자극적이지않아요",7,0.3502369523048401,4.0
21.9.12.일,자극적이지 않고 좋아요,9,0.2981310188770294,5.0
21.9.12.일,0,6,0.3173132240772247,3.5
21.9.11.토,걍 그래요,5,0.584767758846283,3.0
21.9.8.수,"친절하시고 2인세트 주문했는데 양도 푸짐했어요 비빔막국수도 기대한맛이었고 특히 물막국수가 너무 쉬원해요 메밀면이 두껍고 뚝뚝끊기는 면이아니라 탄력있는면이었어요 메밀전은 한입베어물면 메밀향이 입안가득 퍼집니
다 수육도 부드럽고 잡내없어서 좋았어요 풍경도 좋구 넘 좋은시간이었어요",9,0.984733521938324,5.0
21.8.30.월,이곳 정말로 가지 마세요 돈이 아깝습니다,0,0.820115327835083,0.5
21.8.29.일,아이데리고 가기좋아요 깔끔해요,9,0.7329382300376892,5.0
21.8.17.화,음식이 다 깔끔하게 맛있었어요!!,9,0.9662676453590392,5.0
21.8.17.화,"아이와 셋이 갔는데 B셋트는 양이 조금 많은것 같아요
전이나 두부는 원하지 않는다면 단품으로 주문하는게 좋을듯. 잘먹고 갑니다^^",9,0.5229443907737732,5.0
21.8.16.월,"고기도 국내산이 아닌거라고 하면, 가격대비 그냥 그래요!",5,0.4755063951015472,3.0
21.8.14.토,맛없어요,0,0.3846648633480072,0.5
21.8.13.금,친절해요,7,0.3227868974208832,4.0
21.8.13.금,친절해요,6,0.3250164985656738,3.5
21.8.13.금,친절해요,7,0.3203860521316528,4.0
21.8.9.월,맛이 담백하고 좋아요,9,0.4483745992183685,5.0
21.8.9.월,"막국수는 별로 두부가 맛있음
아이와 가기에는 시설 깨끗, 주차 편리는 좋았음",6,0.4372365176677704,3.5
21.8.8.일,맛있어요 아메리카노 도장 귀엽네요,6,0.3631613254547119,3.5
21.8.4.수,맛있음,5,0.4016301929950714,3.0
21.8.1.일,금강산도 식후경~~수목원 가기 전에  들러서 먹었는데 넘 맛있게 잘먹었오요 막국수는 사랑이에용,9,0.9726030826568604,5.0
21.8.1.일,여름휴가때 갔는데 일년치 장부정리하다  생각나서  써요 . 정식 좋았고 가족들이랑다같이 또가고싶네요,9,0.9731909036636353,5.0
21.8.1.일,C정식 메뉴 추천합니다  약속잡히면  여기서 한끼하는데 실패한적없었네요,9,0.976909875869751,5.0
21.8.1.일,음식도 깔끔하구 더 필요한것두 다 미리미리 챙겨주시고해서 넘 잘먹고 왔어요~ 음식 하나하나 정갈하구 맛있어서 담에 또 가고싶은 집 입니다^^,9,0.9596059918403624,5.0
21.8.1.일,"막국수 모두부 메밀전 먹었는데 다 맛있었어요!
특히 막국수 간도 세지않은데 고소하구 양념이 아주 굳굳이더라구요! 간만에 놀러나갔다 맛난거 먹구와서 기부니가 좋네요^^",9,0.9212285876274108,5.0
21.8.1.일,여기 반찬하나하나 신경써서 하시는 티가 나는 집이라 추천하고 싶어요~ 간도세지않고 조미료맛 없는데도 감칠맛이 일품이고 다 맛있게 먹고 나왔네용~~ㅎㅎ,9,0.9841343760490416,5.0
21.8.1.일,음식이 정갈하고 고급스럽게 맛있었습니다 다음에 또 가고 싶습니다 매장 깨끗해서 좋았구요 고기 잡내가 전혀 나지 않아서 너무 좋았어요,9,0.9864973425865172,5.0
21.8.1.일,"부모님께서 너무 맛있다고 전골 국물이 진하다니
맛있다하시네요~ 
너무 잘먹고왔어요^^",9,0.9729361534118652,5.0
21.8.1.일,두부만두 전골 너~~~무 맛있어서 싹싹 다먹었네요 ㅎㅎ 자꾸만 생각나네요 단골각입니다^^,9,0.9698666930198668,5.0
21.8.1.일,"막국수 매니아입니다 물,비빔 다 먹어봤는데 메밀향 많이 나고 맛있어요!!!",9,0.5445912480354309,5.0
21.8.1.일,"막국수 쫄깃쫄깃  육수는 시원하니 
맛있네요~ 담엔 다른 메뉴도 먹어봐야겠어요
다먹고프네요ㅎㅎ",8,0.3801164627075195,4.5
21.8.1.일,"신랑이랑 드라이브하고 리뷰가 좋아 들어왔는데
편육도  쫄깃하니 맛있고 막국수또한 시원하니 좋으네요~!!",9,0.914659857749939,5.0
21.8.1.일,"맛집 찾아보다가 알게되서 다녀왔어요!! 
왜 맛집인지 알겠는 맛이에요 ㅎㅎ 자꾸 생각나요 조만간 또 먹으러 갈라구용 ㅎㅎ",9,0.9890854954719543,5.0
21.8.1.일,"음식이 정갈하고 깔끔합니다. C정식(전골2+편육소+메밀전)에 비빔막국수 추가해서 초등 2, 4학년 아들 둘과 넷이서 맛있게 먹었어요. 큰아이는 잣두부가 맛있고 작은아이는 비빔막국수 맛있다며 주인분께 엄지척 하고 나왔네요
 음식이 깔뜸하고 맛있어서 골고루 먹었는데도 속이 편합니다. 카페 75에서 커피까지 마시고 만족도 더 올라갔어요. 식사 하신분들 다른 카페 가지말고 75에서 먹으면 가성비 최고 입니다~",9,0.9677624106407166,5.0
21.8.1.일,입맛에 너무 잘 맞았어요! 자극적이지 않으면서 고고하고 깔끔해요! 매장도 깨끗해보였고 직원분들도 다 친절하셔서 좋았습니당,9,0.9730811715126038,5.0
21.8.1.일,음식이 대체적으로 간도 잘맞고 깔끔해서 맛있었어요 양도 맛도 만족스럽게 한끼 먹고 왔네요,9,0.9706093668937684,5.0
21.8.1.일,"정식C먹고 왔는데 매장 깔끔하고 멋스럽네요
음식도 잘 나오고 맛도 좋고요~ 음식도 넉넉해서 잘 먹고 왔답니다~~^^",9,0.9135261178016664,5.0
21.8.1.일,잣두부랑 막국수도 은근 조합이 좋아요!! 잣이 들어가서 그런지 진짜 부드럽고 고소해요 두부로 단백질도 보충하고 건강도 챙기니 일석이조^^,9,0.8431972861289978,5.0
21.7.31.토,"배가고파서 흡입하느라 사진을 못찍었네요  야외테이블 뷰가 너무 이뻤어요  별한개 뺀건 ㅠㅠ 보쌈이 비계가 너무많이 나온게  당첨되고, 상추가 진무른게 너무많았습니다. 두부랑 순두부는 최고예요 맛있어요",7,0.4512213766574859,4.0
21.7.23.금,너무 괜찮더라고요 다음에 부모님 모시고 갈려고요!,9,0.9609963297843932,5.0
21.7.23.금,음식이 정갈하고 맛있었습니다! 부모님과 건강한 음식들을 먹을수 있어서 좋았습니다. 전골도 맛있었고 메밀전도 좋았고 부모님은 편육도 잘 드셨네요! 근교로 드라이브와서 방문했는데 만족합니다!,9,0.9742984175682068,5.0
21.7.23.금,굿,6,0.3300860524177551,3.5
21.7.22.목,"쌀쌀해지니 전골 생각 나더라고요
엄마랑 맛있게 먹고 갑니다",9,0.9088908433914183,5.0
21.7.22.목,막국수등 옛날 시골 느낌나네요 맛있습니더!!,9,0.8553182482719421,5.0
21.7.22.목,알차게 식사하고 갑니다! 다음에 또 올게요!,9,0.947913944721222,5.0
21.7.22.목,사장님 친절하시거 맛도 독특하고 맛있네여! 맛있게 막고 갑니다!,9,0.8986674547195435,5.0
21.7.22.목,깔끔하고 정갈해요!! 국물도 달짝찌근 한게 맛있네요!! 또먹고싶다,9,0.8632358908653259,5.0
21.7.21.수,앞접시 그릇에 양념이 묻어있는데도 그대로 손님앞에 놔두길래 말없이 돌려주니 아무말없이 그릇에 뭐 묻은거 보시고 가져가심ㅡㅡ 외관상 위생괜찮을줄알았는데 그냥 그랫음 맛도..,0,0.5229641199111938,0.5
21.7.19.월,친절하시구 음식도 푸짐하고 맛있어요,9,0.7866842746734619,5.0
21.7.19.월,굿굿!!!! 너무 맛있어요 사장님두 친절^^,9,0.8812670111656189,5.0
21.7.19.월,시골집이 생각나는 맛이예요~ 편육 고기도 부드럽구요 거기에 막국수도 잘어울리네여ㅎㅎ,9,0.8461962342262268,5.0
21.7.19.월,시원한 막국수에 편육을 싸드세요!! 넘 맛있네요! 깔끔하구요!,7,0.4587248265743255,4.0
21.7.18.일,완전 맛있게 잘먹다 갑니다 ㅎ,9,0.9541190266609192,5.0
21.7.18.일,자연이 느껴지는 맛이에요 가족들 다 맛있다구 좋아하네요~!,9,0.9601233005523682,5.0
21.7.18.일,"막국수 두번드세요 세번드세요 ㅋㅋ
깔끔하고 맛있습니다",9,0.7815784215927124,5.0
21.7.18.일,편육이랑 막국수 맛집이네요 맛있어요 추천합니다 !,9,0.9623667001724244,5.0
21.7.18.일,쫄깃하고 맛있는 막국수면발 잊을수없어서 조만간 또가야겠음♡♡♡,9,0.9679492115974426,5.0
21.7.18.일,잣국수 처음 먹어봤는데 생각보다 되게 맛있네요 막국수도 양념 너무 맛있었어요 강추,9,0.9794932007789612,5.0
21.7.15.목,부담없이 찾아가서먹기좋아요편안한분윅도 직원분들도친절하고 음식맛도 좋았음,9,0.7688528895378113,5.0
21.7.15.목,그저그저해요,5,0.4797675609588623,3.0
21.7.15.목,막국수 비빔 물  고민할꺼없이 둘다먹어봐도 후회절대없는곳이넹,9,0.9791866540908812,5.0
21.7.15.목,좋은가격으로 막걸리한잔 시원하게하고온곳 올해여름에도 반드시 갈께요,9,0.9773272275924684,5.0
21.7.14.수,편육의쫄깃함이 좋고 나오면서 사먹은두부과자도 바삭함이 굿굿 깔끔하네요,9,0.7603660821914673,5.0
21.7.13.화,"직원분들 친절하고 음식 자극적이지 않고
맛있습니다.",9,0.6601371765136719,5.0
21.7.13.화,아버지 모시고 방문했어요 정갈하니 맛있네요 아버지 입에도 맞으신지 잘 드셨어요 기분좋은 식사 하였습니다,9,0.9767235517501832,5.0
21.7.13.화,담백..? 자극적이진 않은것같아요,6,0.3992567062377929,3.5
21.7.13.화,"특별한 맛은 아니지만 맛있어요
친절하시고 좋았는데 직원 한분이 마스크를 안 쓰고 계셔서 그게 아쉬웠어요",5,0.5391433835029602,3.0
21.7.11.일,좋아요,6,0.4220623672008514,3.5
21.7.4.일,여기 깔끔하고 맛있어요!!,9,0.8594420552253723,5.0
21.7.4.일,굿,6,0.4752878546714782,3.5
21.6.30.수,메밀전이 맛있어요 건강한 맛이라 힐링하고 갑니다,9,0.8526391983032227,5.0
21.6.30.수,친구추천으로 왔는데 비빔막국수 너무 맛있어요~~,8,0.3819154500961303,4.5
21.6.28.월,편육 모두부 메밀전 조합은 환상이네요! 이렇게 맛있는 음식만 조합으로 ㅠㅠ 음식이 다 정갈하고 깔끔해서 너무 추천입니다!,9,0.9902440905570984,5.0
21.6.28.월,따끈따끈한 모두부는 사랑이죠..고소함이 포슬포슬 녹아있는 맛이 일품이네요!,9,0.9751567840576172,5.0
21.6.27.일,맛있어요,9,0.4266152083873749,5.0
21.6.26.토,국수 맛집입니다 ~! 간도 자극적이지 않아 좋네요,9,0.8730421662330627,5.0
21.6.21.월,"아침고요수목원 근처라 좋네요!
완전 맛있어요 ㅎㅎ",9,0.9488141536712646,5.0
21.6.21.월,음식 간이 약하고 대체로 자극적이진 않으나 간이 너무 약해서 아쉬웠어요,5,0.6516415476799011,3.0
21.6.20.일,막국수 완전 제스타일이에요 면빨 탱탱하고 부드럽고 최고최고,9,0.9899476170539856,5.0
21.6.20.일,모두부 꼭 드세요 맛있어요,9,0.9418379664421082,5.0
21.6.19.토,잣두부전골대박..식감도 대박 ㅠㅠ 거기에 탱글탱글한 막국수 면발 !! 최곱니다,9,0.9893314838409424,5.0
21.6.19.토,모두부 탱탱하니 너무 좋네요!! 이런게 탱탱이라는 식감이라는 거구나 하는걸 알았습니다!!,9,0.9896883964538574,5.0
21.6.18.금,좋아요,6,0.3243105113506317,3.5
21.6.18.금,좋아요,6,0.2826075851917267,3.5
21.6.14.월,양이 정말 많고 맛있어요~! 반찬 정말많고 맛있는데 특히 그 그 뭐라하지 도라지말랭이(??)그거 너무 맛있어서 몇번이나 달라고했는지 모르겠어요,9,0.631800651550293,5.0
21.6.13.일,좋아요,6,0.3442218899726867,3.5
21.6.13.일,전골이랑 편육 진짜 맛있네요~! 손님이 많은 이유가 있네용 ㅋㅋ,9,0.9720488786697388,5.0
21.6.12.토,음식은 맛있는데 테이블에 벨이 없어서 직원을 부를수가 없었어요 손님이 많아 직접 카운터까지 왔다갔다 주문했어요,7,0.5415401458740234,4.0
21.6.12.토,좋아요,6,0.3493050932884216,3.5
21.6.11.금,양많고 맛있어요  경치가 좋아 테라스에서 먹으면 좋았을것같은데 아쉽게도 날씨가 좋지않았네요 ㅠㅠ 날씨좋을때 반려동물과 가기좋은곳~!,7,0.4078899025917053,4.0
21.6.10.목,여전히 맛있네요 사장님 번창하세여 :),9,0.7894839644432068,5.0
21.6.10.목,두부가 참 맛있네요 담백하고 제 입맛에 딱이었어요! 막거리랑 궁합이 찰떡~,9,0.9426383972167968,5.0
21.6.10.목,"편육이랑 막국수를 먹었어요
정말 잘 먹었습니다",5,0.6150670051574707,3.0
21.6.9.수,편육이랑 물막국수 먹었어요.. 넘 더웠는데 막국수 육수가 시원해서 더 맛있었어요!,9,0.5551214218139648,5.0
21.6.9.수,만두전골 국물이 진하고 맛있었어요~~ 두부도 따로 시켰는데 담백하구 고소하고 좋았네요~,9,0.5176171064376831,5.0
21.6.6.일,여직원친절,7,0.4329189956188202,4.0
21.6.6.일,직접 식당에서 먹는것보담 조금 아쉬웠음,5,0.4376325905323028,3.0
21.6.6.일,모두부를 주문으로 처음 먹어봤는데 맛이 있었어요,9,0.4107323884963989,5.0
21.6.3.목,맛있어요,9,0.4158406853675842,5.0
21.6.3.목,두부과자 맛있어요,7,0.2729134857654571,4.0
21.6.3.목,맛있어요,9,0.3929456174373626,5.0
21.5.31.월,막국수가  맛있는집,7,0.4822471439838409,4.0
21.5.29.토,"하나부터 끝까지 완벽함. 반찬+메인+양 모두 굿굿 , 가격 값 함",9,0.9897522926330566,5.0
21.5.29.토,깔끔하고 맛있어요~^^* 강추입니다,9,0.7398645281791687,5.0
21.5.28.금,방문,6,0.3409539461135864,3.5
21.5.26.수,막국수맛을 잊을수가 없네요  ㅜㅜ  편육이랑 메밀전은 이미 제가 중독수준이고 막국수 첨먹었는데 엄지척입니다  양념하신분 상드려야해요 ㅋ,9,0.9790149331092834,5.0
21.5.26.수,전골육수가 무엇인지 진심궁금해요 입짧은  신랑이 맛있다고 숟가락을 놓지않아 충격이었어요  푸짐하고 진한 전골에  메밀전까지  존맛탱,9,0.9835942387580872,5.0
21.5.26.수,기본 밑반찬부터 너무훌륭하네요   메밀전도 고소하고 편육도 잡내가 1도없으용~~  부모님과 함께 와야겠어요,9,0.9812504649162292,5.0
21.5.26.수,"일마치고 들러갑니다
이곳만큼 좋은곳이 없네요",9,0.8553149104118347,5.0
21.5.26.수,"지난번 기억으로 아이들과 함께 다시왔습니다.
아이들도 참 맛있게 먹었습니다
추천할께요",9,0.951891303062439,5.0
21.5.23.일,생각보다 별로..,5,0.4313185214996338,3.0
21.5.23.일,"막국수세트보다 만두전골세트가 더 맛있어요
골고루 맛있게 잘 먹었습니다",9,0.8106611371040344,5.0
21.5.23.일,굳,6,0.3655895590782165,3.5
21.5.22.토,애들이랑 먹기에도 괜찮아요,7,0.5963168144226074,4.0
21.5.22.토,밑반찬도 다 맛있어요~!!만두전골 국물이 끝내주게 맛나요.,9,0.8315035700798035,5.0
21.5.21.금,부모님 모시고 갔는데 너무 맛있게 잘드셔서 뿌듯했습니다~~감사히 잘 먹고 가요 ㅎㅎ,9,0.9852041006088256,5.0
21.5.21.금,매밀전이랑 모두부랑 막국수 먹었는데 맛있게 먹었습니다 다음에는 친구들이랑 같이 먹으러 가야겠네요,9,0.8127911686897278,5.0
21.5.21.금,막국수 비빔이랑 물 시켜서 먹었는데 맛있더라고요!! 다음에 와서는 편육이랑 시켜서 같이 먹어봐야겠어요ㅎㅎ,9,0.6583167910575867,5.0
21.5.21.금,편육이랑 막국수 먹었는데 맛있었어요 다음에 또 가겠습니다 막국수도 쫄깃하고 맵지도 않네요!,9,0.905440866947174,5.0
21.5.19.수,"전골에 편육 짱 잘어울렸어용 친구들이랑 왔는데
역시 믿먹집이네용ㅋㅋ",9,0.9920806288719176,5.0
21.5.19.수,"두부는 맛있었고 막국수는 그럭저럭(사실은....) 직원들 응대 태도가 짜증섞이고 이상했음 음식까지 늦게나오고 무례해서 나갈때 조심스레 클레임 걸었더니 사장이 대충듣다 어쩌라고+욕함(나도 황당해서 재수없다고함) 처음보
는 신선한 사장인격이었음ㄷㄷㄷ직원들이 이해가감 과장아니고 순화한거임. 꼭참고하시길",5,0.4238750636577606,3.0
21.5.19.수,넘 맛있게 먹고왔어요^^담엔 만두전골먹어보고싶어요,9,0.8193583488464355,5.0
21.5.18.화,"잣두부만두전골 먹고왔어요
부모님 잣두부 좋아하시는데 입맛에 딱이라고 하시네요",9,0.8730695843696594,5.0
21.5.18.화,"여기는 막국수 맛집인가바요~~
그냥 여행와서 발 가는데로 들렀다가 우연히
맛집 왔네요 너무 맛있어용",9,0.9706481099128724,5.0
21.5.18.화,"지인 추천으로 방문~
막국수와 편육 양많고 저렴했어요 잘 먹고갑니다",9,0.9168264269828796,5.0
21.5.15.토,저희는 강아지랑 같이 움직이다보니 동반할수 있는곳이 간절했어요 근데 음식까지 맛나서 씬났ㅇㅓ요 담에 다시 올께요,9,0.974806785583496,5.0
21.5.8.토,너무 맛있어요,9,0.4700357019901275,5.0
21.5.6.목,맛있어요,9,0.3265050947666168,5.0
21.5.5.수,담백하고 건강한 맛인데 지나고나니 자꾸 생각나네요.,7,0.4760066866874695,4.0
21.5.5.수,첫번째 방문,5,0.3793270289897918,3.0
21.5.1.토,즐겁게 맛나게 먹었네요,9,0.444811999797821,5.0
21.5.1.토,좋아요,5,0.3744207322597503,3.0
21.5.1.토,두부전골 간도 너무 세지 않고 묵은 나물반찬들이 제 입맛에는 맞았어요,7,0.5582089424133301,4.0
21.4.26.월,"오 맛있어요
직원분들 친절하시고 음식도 깔끔하고
2인이서 배터지게 먹고왔네요",9,0.974128007888794,5.0
21.4.18.일,주문에서부터 실수 하시더니 음식도 제대로 안나오네요ㅠ 다시는 안갈래요ㅠㅠ,0,0.86344975233078,0.5
21.4.18.일,음식 다 맛있어요~  만두전골은 심심하지만 조미료안넣은 건강한맛!,8,0.5273829102516174,4.5
21.4.17.토,인공적이지 않은 자연의맛,6,0.5395469665527344,3.5
21.4.13.화,한정식은 여기가 찐이죠 입맛없고 한식 한상 거하게 먹고싶을땐 무조건 여기에요 구성도 아주 푸짐하고 반찬들이 정갈하니 다 맛있어요 진짜 잘 먹었습니다,9,0.9943253397941588,5.0
21.4.8.목,"막국수.잣두부.메밀전 최고예요.
수목원앞 맛집이네요~~",9,0.8989707231521606,5.0
21.4.3.토,"깔끔하고 
메밀전도 맛있네요 ㅎ 
비빔막국수가 더 맛나요",7,0.4067477285861969,4.0
21.4.2.금,꽤 괜찮아요. 직접만든 두부가 담백하니 맛있네요~,7,0.5804925560951233,4.0
21.3.26.금,좋아요,6,0.3744556009769439,3.5
21.3.8.월,맛있어요,6,0.3147549331188202,3.5
21.2.27.토,정말 맛있어요. 두부도 고소하고 막국수도 맛있어요!,9,0.8890320658683777,5.0
21.2.21.일,굿,6,0.2774341702461242,3.5
21.2.16.화,비싸기만했지 별로였어요~,3,0.3546371161937713,2.0
21.2.11.목,맛있어요~^^순두부최고!!,9,0.8403705358505249,5.0
21.2.7.일,세트메뉴 먹었는데 맛있어용,9,0.8394401669502258,5.0
21.2.1.월,너무 맛있었어요 항상 가평가면 다른데안가고 여기만 가요 가격도 괜찮고 맛도 괜찮고 서빙이모분도 너무 착하셔서 좋았어요^_^ 번창하세용~,9,0.9934590458869934,5.0
21.1.31.일,...,5,0.2546793222427368,3.0
21.1.22.금,"맛있어요
굿",9,0.7472519874572754,5.0
21.1.16.토,반찬도 잘나오고 제가 좋아하는 곳이에요,9,0.9267823100090028,5.0
21.1.16.토,아주 푸짐히  잘 먹었어요,9,0.9813900589942932,5.0
21.1.15.금,"만두 두개가 모두 터져 있어 아쉬웠어요.
도라지무침 향찐함.. 국산인듯.
고르곤두께 메밀전 ㅋㅋㅋ 잣도 별도로 사려했지만 300그람 4만원 😱",5,0.5250621438026428,3.0
21.1.1.금,건강한 맛을 느낄 수 있는 음식이었어요~^^ 잘 먹었습니다,9,0.8284696340560913,5.0
20.12.31.목,"음식도 맛있고, 서비스도 좋아요~
음식이 다 맛있어요. 식당도 깨끗하고 다음에 다시 또 올께요~",9,0.9567898511886596,5.0
20.12.31.목,"새끼고양이 두마리 잘 키워주세요ㅜㅜ
또 보러 가게용!",9,0.9328685998916626,5.0
20.12.27.일,구성이 좋긴한데  가격에 비해서는 조금 모자란것 같아요 메밀전이 제일 맛있었어요,6,0.548372745513916,3.5
20.12.25.금,잘먹었습니다 강력추천,9,0.9587565660476683,5.0
20.12.21.월,"매우 깔끔하고 정갈한 음식입니다. 약간 식었을 때 먹어도 국물맛이 여전히 개운합니다. 기본으로 같이 나오는 메밀전과 잣순두부도 일품입니다. 채식위주 건강식으로 정말 으뜸입니다. 
친절하신 사장님도 정말 훈훈하십니다.",9,0.9943261742591858,5.0
20.11.29.일,부모님과 넷이 가서 B세트에 막국수 하나 추가했어요. 막국수가 참 맛있네요~,9,0.5385164618492126,5.0
20.11.28.토,맛있어요!! 밑반찬 최고에요,9,0.8202688097953796,5.0
20.11.24.화,"#가평 #채원한정식 #잣두부만두전골 #막국수

잣두부 만두전골 시키면 메밀전도 포함되어 있으니 굳이 따로 안시켜도 됩니다~ 나물 반찬도 맛있고 잣두부도 고소하니 맛있어요! 주차장도 널찍하고 근처에 까페도 많아서 식사하고 들르기에 좋습니다. 화장실도 깨끗해요!",9,0.736630380153656,5.0
20.11.23.월,가평 여행길에 점심으로 먹었는데 반찬 다 맛깔스럽고 특히 만두전골이 깔끔해서 맛있었어요 맛있는 만두가 두개 들어간게 좀 아쉬웠구요^^,8,0.4531790018081665,4.5
20.11.22.일,"아니진짜 여기미쳤어요ㅜㅜ 너어어무맛있어요ㅜㅜ c세트 둘이먹으면 많을까 걱정했는데 양이많긴했는데 딱행복하게 잘먹었어요!! 특히 만두전골~~~~ 무조껀시키세요ㅜㅜㅠ 국물이 미쳤습니다 감사합니다 너무잘먹었습니다 
번창하세용♡",9,0.992756187915802,5.0
20.11.22.일,"전화로 시간변경 요청드렸는데 너무 친절하셨어요.
메인메뉴, 밑반찬 까지 맛있어서 아이들도 엄청 잘 먹었습니다. 직원분들도 친절하시고 음료, 후기 과자 서비스 감사드려요.",9,0.9911636114120485,5.0
20.11.22.일,막국수 비빔 물 두개 시켜 먹었어요 개인적으로 슴슴한 물막 보다는 비막이 좋았어요 간이 쌔거나 자극적이고 맵지 않아요 비빔이 맛있어요,6,0.4764347076416015,3.5
20.11.14.토,"간이 쌔지 않아서 아이랑도 가기좋아요

맛있게 잘먹고왔습니다",9,0.8381369113922119,5.0
20.11.14.토,"음식이 깔끔해요
간도 짜지않고 적당해서 먹고나서도 개운해요
맛있었어요~",7,0.360118567943573,4.0
20.11.8.일,"잣두부가 잣을 갈아 만든 두부인줄 알았는데, 두부에 잣이 박혀 있는 거네요. 여기 음식은 전체적으로 자극적이지 않고 슴슴한 맛인데, 제 입맛엔 맛있었어요. 밑반찬으로 나온 나물 종류도 맛있었구요^^",8,0.4110079109668731,4.5
20.11.7.토,"오후 2:45에 방문하였는데 여전히 손님들이 많이 있어요. 다른 분들의 후기와 같이 모듬 음식이 맛있어요.
처음 방문하시는 분들은 A정식(4만원) 추천합니다",9,0.6826753616333008,5.0
20.11.7.토,맛있어요~~,9,0.521450936794281,5.0
20.11.7.토,맛있어요~~~,9,0.3108114302158355,5.0
20.11.7.토,한번가기 좋아용,9,0.4363837242126465,5.0
20.11.5.목,만두전골인데 만두가 인당 한개.. 전반적 음식맛은 좋은데 인상이 안 좋네요... 아쉽.. 만두 글자라도 빼시는ㄱㅔ 나을듯ㅠ,5,0.7090379595756531,3.0
20.11.2.월,"맑은 전골 국물이 깔끔하고 개운 했어요~
막국수는...ㅎ 가평 스타일인지 모르겠지만 양념이 좀 부족해서 싱거웠어요~",6,0.4735487401485443,3.5
20.11.1.일,메인 전골 막국수 반찬 다 맛있어요,9,0.8195436000823975,5.0
20.10.28.수,친절해요,6,0.4878288209438324,3.5
20.10.25.일,잣두부만두전골이 싱겁긴했지만 잘먹고왔어요,7,0.4641196429729461,4.0
20.10.25.일,"대박 만두전골인데 만두 두개 ..
맛은  쏘쏘",6,0.6061813235282898,3.5
20.10.24.토,"산행후 항상들르는곳입니다
밑반찬이정갈하고
전골은 깔끔하고 만두도맛있어여",7,0.4146872460842132,4.0
20.10.24.토,맛있어용,9,0.3721071481704712,5.0
20.10.24.토,시골반찬 깔끔한 맛을내며 좋았어요,7,0.3605476915836334,4.0
20.10.23.금,막국수가 소스도 맛깔나도 면도 생생했습니다. 게다가 두부가 고소하고 찰져서 가성비 만족스럽게 먹었습니다^^,9,0.9306889176368712,5.0
20.10.21.수,내가 찾던 두부맛집~막국수도 정말 맛ㅇㄱㅆ어요,9,0.96363627910614,5.0
20.10.21.수,잣두부만두전골 맛있게 잘 먹었습니다.,9,0.8164882659912109,5.0
20.10.20.화,매장도 음식도 모두 깔끔하네요~ 맛있게 잘 먹고 갑니다 재방문 의사o,9,0.9865315556526184,5.0
20.10.20.화,맛있네요~,9,0.4399580359458923,5.0
20.10.18.일,"서비스에서 별하나 뺐어요
너무 바쁘셔서 그런지...
잣 두부 맛있습니다",7,0.6781889796257019,4.0
20.10.17.토,맛있어요~,9,0.3035567998886108,5.0
20.10.17.토,너무 맛있게 잘먹었어요! 반찬이 예술이에요ㅎㅎ,9,0.9745228886604308,5.0
20.10.16.금,잣두부만두전골과 메밀막국수 모두 너무 맛이 좋아요!!!,9,0.8957443237304688,5.0
20.10.15.목,맛있어요~~ 간이 너무 세지 않아서 좋네요~^^,9,0.3583104312419891,5.0
20.10.14.수,잣두부만두전골 깔끔하고 단백하네요~^^,9,0.6429135203361511,5.0
20.10.14.수,"직접 만드는 막국수와 잣두부 깔끔하고 
맛있습니다.
강추입니다~",9,0.8397035002708435,5.0
20.10.14.수,"몇변째 오는지 몰라요 
밑반찬 깔끔하고 국물도 담백해요 
조미료가 안들어가서 그런지 깔끔해요",8,0.4292177557945251,4.5
20.10.13.화,잣만두전골 잣두부 반찬 깔끔 짱입니다.적극추천,9,0.7450909614562988,5.0
20.10.13.화,7살 아들도 좋아하는 보쌈 너무 맛있게 먹었어요~ 막국수도 굿! 사장님도 친절하세요~^^,9,0.9655660390853882,5.0
20.10.13.화,너무 맛있게 잘먹었어요 담에 또올께요~^^,9,0.9860270023345948,5.0
20.10.13.화,아주아주 맛있어요!,9,0.7834663391113281,5.0
20.10.12.월,맛나요,6,0.3693728148937225,3.5
20.10.12.월,"#아침고요수목원맛집
#채원잣두부 검색해서 방문했는데 깔끔한 두부맛도 좋고 아이들이 먹어도 자극적이지않은 정갈한 밑반찬도 좋네요^^ 종종 와야겠어요!!",9,0.9540970325469972,5.0
20.10.12.월,양도 많고 세트 드시는걸 추천 드립니다 맛있어용,9,0.9809722900390624,5.0
20.10.12.월,잣 두부 고소하고 넘 맛나요ㅠㅠㅠ,9,0.7907990217208862,5.0
20.10.11.일,"예약하고 방문, 음식이 깔끔하고 빠르게 나와서 만족스러웠음. 하지만 메뉴 결정하느라 왁자지껄한 단체손님이 분리되지 않아 불만족. 파티션도 없는데 마스크 벗고 떠들고 돌아다녀도 제지하는 사람이 없어 식사 내내 코로나 걱정함.",4,0.3536018431186676,2.5
20.10.11.일,너무 깔끔 하고 맛있게 먹었어요^^,9,0.9011274576187134,5.0
20.10.11.일,깔끔하고 맛있어요 이쪽 올때마다 들르는곳이에요 믿고드세요,9,0.8027291297912598,5.0
20.10.11.일,"막국수, 편육 맛있어요~~~^^*",9,0.6912896633148193,5.0
20.10.11.일,두부도 막국수도 고기도 너무맛있었어요,9,0.9690104126930236,5.0
20.10.11.일,"깔끔하고 맛있어요, 예약해서 더 빨리 나왔어요.",9,0.5213845372200012,5.0
20.10.10.토,잣두부가 고소해요~~,7,0.4674684405326843,4.0
20.10.10.토,너무 맛있어요~~~,9,0.7947718501091003,5.0
20.10.10.토,맛잇어요~♡,9,0.6144660711288452,5.0
20.10.10.토,전골 완전 깔끔한 맛!! 재료도 팍팍! 최고입니다.!!,9,0.9817038178443908,5.0
20.10.10.토,"너무깔끔하고 건강한맛이에요 
친절하고 좋아요!",9,0.9849857091903688,5.0
20.10.9.금,좋아요,6,0.3319090008735657,3.5
20.10.9.금,"동치미 국물이 시원한 물 막국수 & 고소~한 잣 두부전골에 담백한 수육~
그리고 친절한 직원분들 덕분에 잘 먹고 갑니다 ^^",9,0.4130114316940307,5.0
20.10.9.금,맛있어용,9,0.362466812133789,5.0
20.10.9.금,국물이 깔끔해요. 순두부가 맛있었어요~,7,0.5146348476409912,4.0
20.10.9.금,나물이 넘 맛있구 식사도 빨리 나오네요^^,9,0.9466041326522828,5.0
20.10.9.금,오래간만에 맛있는 두부를 먹었습니다. 다음에 재방문 꼭 합니다. 막국수와 메밀전 싸서 먹으면 맛있어요! 먹느라고 음식사진이 없네요,9,0.9392025470733644,5.0
20.10.9.금,영업시간보다 좀 이르게 갔는데도 춥다고 식사해주신다고 해서 너무 감사했어요~ 너무 빨리 가서 비록 두부전골밖에 못먹긴 했지만 건강하게 맛있는 맛이었습니다!,9,0.9344581961631776,5.0
20.10.8.목,매장 넓고 음식도 깔끔하고 친절하세요 ♥️,9,0.8421788215637207,5.0
20.10.8.목,"맛있게 잘 먹었어요:)
두부가 참 고소해요~ 반찬도 짜지않아서 좋았어요!",9,0.8921995162963867,5.0
20.10.8.목,맛있어요 비빔드세요,9,0.5112390518188477,5.0
20.10.7.수,"리뷰 보고 찾아 왔어요.
친절한 서비스와 맛난 음식 먹으며 즐거운 시간 보냈내요
또 오고 싶은 맛과 장소예요^^",9,0.9840211272239684,5.0
20.10.5.월,아이들과 키즈펜션에 왔는데 주변에 맛집이 있어서 잘먹었습니다,9,0.8538878560066223,5.0
20.10.4.일,맛있게 잘먹고가용!!,9,0.7362511157989502,5.0
20.10.3.토,간이 세지않고 맛있어용 가족들 다 마음에들어했어요,9,0.6207113265991211,5.0
20.10.3.토,너무 맛있어요^^ 두부도 부드럽고 막걸리도 자극적이지않으면서 면발도 부드럽고 아주 맛있어요. 가족들이랑 왔는데 다들 만족하고 갑니다 ^^,9,0.9818981289863586,5.0
20.10.3.토,정갈한 반찬 맛있어요~,7,0.4501467049121856,4.0
20.10.3.토,막국수 전 두부 다 너무 맛있어요!^^,9,0.9260713458061218,5.0
20.10.3.토,짱,9,0.9136002659797668,5.0
20.10.3.토,굿,6,0.3019519746303558,3.5
20.10.3.토,죠아용,9,0.7351699471473694,5.0
20.10.2.금,"비빔,물 막국수 너무 맛있었어요 두부전골도 최고에요!",9,0.7103706002235413,5.0
20.10.2.금,맛있었어요 ㅎㅎㅎㅎ,9,0.3681571185588836,5.0
20.10.2.금,음식 깔끔하고 맛있어요,9,0.5428171157836914,5.0
20.10.2.금,잣두부전골 가격대비 양도 많아요. 전골이 심심한편인데 배부른데도 계속 먹고싶은 맛이에요. 기분좋은점심식사였습니다,9,0.9847925901412964,5.0
20.10.2.금,"막국수 직접 뽑으신다고 써있어서 들어왔는데, 두부전골도 너무맛있어요 막국수도 너무 신선해요 옛날순두부랑 메밀전이 기본으로 나와요 대만족입니다",9,0.989899218082428,5.0
20.10.2.금,자극적이지 않고 담백해요 맛있어요,6,0.441020131111145,3.5
20.10.1.목,막국수 맛이 그저그래요,5,0.4363221228122711,3.0
20.9.27.일,"각종 블로그들에게 속은 느낌...
셑 메뉴 1번 시켰다. 고기와 전은 좀 더 따뜻해야 한다. 특히,. 국수들은 비빔과 물 둘다 싱거웠다. 맛 없었다. 잣두부는 두부에 잣 몇개 올려 놓은 느낌...
다 먹고나니 맛은 없는데 배만 부르다. 짜증났다. 4만원 먼곳에서 쓰고...",1,0.4889013767242431,1.0
20.9.20.일,#가평 맛집#잣두부#두부버섯전골,9,0.6674581170082092,5.0
20.9.11.금,"#할인세트B 세트 주문 #막국수맛집
어른3명 아이3명이서 할인세트 중B세트 주문했어요.전체적으로 간이 싱거운 편이에요. 잣두부 고소하고 맛있어요. 막국수도 양념장 더 넣어서 먹으니 맛나더라구요! 편육은 촉촉하진 않았어요~",5,0.5045138597488403,3.0
20.8.29.토,좋아요,6,0.4810013175010681,3.5
20.8.18.화,"많은 식당 리뷰 중 엄선해서왔는데 정말 맛있고 무엇보다 직원분들이 너무 친절하셔서 가족모두 만족하는 점심이었어요! 어른들, 아이들 건강한 음식 맛있고 즐겁게 먹을수있어서 좋았어요!",9,0.9901599287986756,5.0
20.8.8.토,8명이서 단체 모임을 통해 방문하였습니다. 양도 푸짐하니 좋고 맛은 심심하면서도 건강한 맛으로 어르신들도 좋아하실듯한 맛입니다! 잘먹고 갈게요!,9,0.9834149479866028,5.0
20.8.5.수,"여기 맛있어요~
짜지도 달지도 않아요 
잘먹었습니다~",9,0.94888037443161,5.0
20.8.5.수,그냥 그래요 평범한 맛,5,0.6400217413902283,3.0
20.8.3.월,건강한 밥상 맛있었습니다,9,0.511667013168335,5.0
20.8.2.일,"네이버 검색하고 찾은곳인데 생각보다 쏘쏘...두부전골은 그냥 건강한맛이구, 막국수는 꼭 비빔으로 시키세요! 대신 설탕을 꼭 넣어서ㅎㅎ 일하시는분 어떤분은 친절하고 어떤분은 넘 불친절해서 기분이나빴음",6,0.3093701601028442,3.5
20.7.18.토,"인테리어도 깔끔하고 잣두부와 편육은 아주 맛있었습니다~ 네이버로 예약하고가서 서비스로 음료수도 주셨고요! 
개인적으로 막국수는 동네 고깃집 막국수보다도 별로였네요 ㅠ",5,0.4995059967041015,3.0
20.7.17.금,막국수 양념이 자극적이지 않으면서 맛있어요~ 두부랑 편육도 맛있어요. 예전에 가족들과 채원에서 맛있게 먹었던 기억이 있어 또 방문했는데 예전 맛 그대로네요~^^ 잘 먹었습니다~,9,0.5383628010749817,5.0
20.7.12.일,이집 막국수는 정말 찐임. 만두전골은 깨끗해서 술안먹고도 해장한 느낌,9,0.8766783475875854,5.0
20.7.11.토,깔끔하고 맛있습니다!!,9,0.4572296738624573,5.0
20.7.5.일,세트메뉴금액이 합리적이고 맛있어요-,7,0.4595471024513244,4.0
20.7.5.일,깔끔한데... 분위기가 어두운 느낌은 머지?? 일하시는분들이 밝지않음. 하지만 맛은 좋아요,6,0.6665840744972229,3.5
20.7.1.수,"만두전골 2인분 시켰는데 숟가락보다 조금 큰 만두가 4개나옴 김치,고기만두로 한개씩 먹으라고. 만두맛도 기성품 같고 속도 아주적어 깜놀.차라리 두부전골에 만두서비스였으면 이해했을뻔함 왜맛집인지 모르겠음.반찬은 담백하니 맛남.굳굳. 근데 반찬 먹으러간게 아님",1,0.4189471900463104,1.0
20.6.22.월,분위기 좋고 음식 맛있러요~아침고요수목원 갈때 딱 좋네요,9,0.8726859092712402,5.0
20.6.14.일,괜찮았어요~양은작지만 순두부감사!,7,0.4495554864406585,4.0
20.6.14.일,전골정식+막국수추가해서먹었는데요 막국수는한입먹자마자다버렸네요...너무맛없어요 계산도한참기다려야와서해주고 뭔가....블로그보고갔는데실망한집이네요,0,0.5213091373443604,0.5
20.6.11.목,네 먹을만해용 친절해요,6,0.4047986567020416,3.5
20.6.6.토,"두번째 방문 입니다. 첫 방문땐 두부에 잣이 진짜 많았는데 이번에 갔을땐 잣 어디갔나요??? 내가 잣 두부를 먹으러 온건지 그냥 두부를 먹으러 온건지... 직원들도 엄청 불친절 해졌고..얼굴 표정부터 나 기분 안좋다고 광고 하네
요. 무엇보다 두부에 잣이 없음!!!!!!! 처음으로 식당에서 밥먹고 돈 아깝단 생각이 들었네요. 처음엔 이렇지 않았는데 왜  이렇게 된거죠? 이제 다신 안가요.",0,0.8240026831626892,0.5
20.5.30.토,음식도 깔끔하고 직원들도 친절하고 좋았습니다,9,0.7348354458808899,5.0
20.5.29.금,맛있게 잘먹었어요 ㅎㅎ,9,0.5965970754623413,5.0
20.5.27.수,"최악에맛과서비스꽝이에요
두번은안감",0,0.9338286519050598,0.5
20.5.22.금,"잣두부! 두부가 부드럽고 맛있어요!
반찬도 맛있고! 전골국물도 담백해서 좋았어요!
건강한 한식! 직원분들도 친절해요!(광고아님)",9,0.5653884410858154,5.0
20.5.11.월,"맛있게 잘 먹고 왔습니다
아침고요수목원 가시면서 꼭한번 들려보세요^^",9,0.8704610466957092,5.0
20.5.7.목,메밀전도 맛있고 밑반찬도 다 담백해서 맛있었어요 두부만두전골도 깔끔해서 좋았습니다~ 뷰도 좋아요!!,9,0.9002845287322998,5.0
20.5.4.월,"- 막국수 정식 먹었는데 반찬도 적당히 나오고 편육이 특히 잡내가 하나도 안나네요!
- 비빔막국수가 특히 맛있눈거 같아요.
- 여기 식당 쓰면 카페 할인도 해주네요",9,0.4464150369167328,5.0
20.5.4.월,진짜맛있었어요 간도 적절하고 고기질도 나쁘지않고 맛있어쑴,9,0.9546099305152892,5.0
20.5.3.일,네이버만 믿지 마세요.,0,0.3557377159595489,0.5
20.5.3.일,"만두전골 아니고 두부전골이고
수육 냄새 나네요.",5,0.2183162271976471,3.0
20.5.1.금,네번째 방문하는 잣두부 막국수 맛집~ 깔끔해요,9,0.4964367747306824,5.0
20.4.30.목,정말 맛있게 먹었어요,9,0.8919436931610107,5.0
20.4.30.목,"두부전골, 메밀전, 막국수..! 엄청 특별한 맛은 아니지만 그럭저럭 괜찮아요.  갠적으로 전골이 제일 좋았음.",6,0.4127198159694671,3.5
20.4.26.일,"막국수도 맛있지만, 두부가 제일 맛있어요 ㅎㅎ",9,0.5314909219741821,5.0
20.4.22.수,"매장도 깔끔하고 음식도 정갈하고 간도 세지 않아서
먹기 좋았어요 전골 국물이 시원하고 반찬 하나하나
건강한 느낌이었습니다 다만 화장실이..변기가 청결하지 못한게 아쉬웠네요..",5,0.4798363149166107,3.0
20.4.5.일,"단백하면서 간조절 최고
맛있게 잘 먹었어요",9,0.9530944228172302,5.0
20.2.7.금,깔끔하고 맛있어요,9,0.3722379207611084,5.0
20.2.1.토,너무 맛있었습니다 사장님께서도 너무 친절하시구요 기분좋았습니다!,9,0.9775549173355104,5.0
20.1.12.일,사장님이 친절히 응대해주셔서 추운날 마음까지 따뜻해지는 식사였습니다.,9,0.938126802444458,5.0
20.1.10.금,정말 맛있게 먹었어요~사진에 상세 후기 있엉ㆍ느~,9,0.8343204259872437,5.0
19.12.31.화,막국수랑 전시켜서 먹었는데 비빔막국수가 더 맛있어요!! 서비스로 주신 두부는 완전 부들부들해요~,6,0.3224935829639435,3.5
19.12.31.화,두부가 맛있음! 막국수는 비빔이 맛있음,7,0.429170548915863,4.0
19.10.20.일,맛있어요..애들도 좋아함,9,0.880862832069397,5.0
19.10.20.일,"간이 너무 세지 않고 알맞게 맛있게 먹었습니다
맛집인지 사람들이 많이 찾아 오더라구요!",9,0.529757559299469,5.0
19.7.20.토,"종업원의 친절하고는 거리가 먼~~~  음식 만두전골 만두는 공장 만 두 맛 없음 남기고 왔음. 두번다시 안감
좋게 쓴 글은 아이러니  맛 없음  반찬 별로   가격대비 맛 없음",0,0.4014229774475097,0.5
19.7.13.토,아주맛있었어요,9,0.6521055102348328,5.0
19.7.8.월,"평일이고 날씨가 좋아 너무 좋았어요~
문을 활짝열고 밥 먹었는데 시원하고 막국수도 동치미궁물인지 넘넘 맛있었어요
잣순두부도 넘 고소하고 잣두부도 넘 고숩고 메밀전은 쫄깃쫄깃해서 맛있었어요~강추합니다~!!!!",9,0.9774948954582214,5.0
19.6.8.토,예약이라는게 대체 왜 필요한건지 알수가 없었네요. 기본적으로 토요일 점심이라 사람이 많아서 그런가...음식맛은 보통수준이구요,0,0.6849288940429688,0.5
19.4.27.토,맛있어요,6,0.3266679048538208,3.5
19.3.23.토,너무 맛있게 잘먹고 갑니다~,9,0.9575719237327576,5.0
19.3.17.일,"막국수가 깔끔하니 맛있어용😊
순두부가 한 그릇 나오는데 진짜 고소하고 너무너무 맛있네요 ㅋㅋ",9,0.949655294418335,5.0
19.3.9.토,"D셋트 부모님과 셋이서 먹었습니다. 일단 엄청 푸짐하고 반찬도 잘 나오구요 보쌈이 무난한데 무려 보쌈이 가장 밋밋하게 느껴질만큼 나머지 반찬들과 전골이 아주 일품입니다. 특히 전골이 짜지 않고 약간 싱거운듯 하면서 매콤
하게 속이 뚤리는 기분이 드네요. 부모님께서도 엄청 만족하시고, 강력 추천합니다!",9,0.977824091911316,5.0
19.3.9.토,"가격이 조금 비싼편이지만 맛있네요 
보쌈이랑 두부전골 맛있어요",7,0.5570635795593262,4.0
19.3.2.토,예전 여기서 먹었던 잣두부 맛이 생각나서 잣두부 먹을 겸 가평 놀러왔어요^^ 다른 식당도 여러군데 가봤는데 제 기준 잣두부는 여기가 제일 맛있어요~~!!,9,0.975250244140625,5.0
19.3.1.금,"너무너무 배부르고 너무너무 맛있어욜
꼭 가보세용
존맛탱구리",9,0.99164080619812,5.0
19.2.16.토,완전 푸짐합니다! ♥♥ 커플 여행갔다가 맛있게 먹고 가용 ㅎㅎ 잣구부 짱맛있어용,9,0.9822047352790833,5.0
19.2.10.일,"왜 가평 잣두부하는지 알겠어요!
두부가 진짜 맛있고 양도 푸짐해요
잘 먹고 갑니다ㅎㅎ",9,0.9671204090118408,5.0
19.2.5.화,두부너무 부드럽고 반찬 하나하나 다맛있어요~ 사장님도 친절하시고 담에 또올게요 강추합니다^^,9,0.9819161891937256,5.0
19.2.3.일,"메인 메뉴 두부전골,보쌈,메밀전도 맛있었고 밑반찬도 맛있어서 잘먹다 가네요 ㅋㅋ",9,0.8655179738998413,5.0
19.1.24.목,"서비스로 주신 잣두부 너무 고소하고 맛있어요!
두부전골 자극적이지 않고 맛있는데 반찬까지 맛이 훌륭합니다ㅎㅎ
서비스로 주신 음료도 잘먹었습니다^^",9,0.8811866641044617,5.0
19.1.19.토,온 가족. 맛있게 잘 먹고 갑니다^^,9,0.8980860710144043,5.0
19.1.19.토,맛있어요~~,9,0.5106733441352844,5.0
19.1.18.금,잣두부를 너무나 좋아해서 가평오면 당연히 잣두부를 꼭 먹는데 담백하고 고소하니 정말 맛있어요~ 네이버 예약 전달이 안되서 약간의 어려움이 있었지만 직원분께서 친절하게 알려주셔서 잘 해결하였어요~ 저희는 잣두부 만두전골을 주문했는데 조미료를 넣지 않아서인지 끝맛도 깔끔하고 기분좋은 배부름이네요~ 주차공간도 넉넉하고 매장도 정말 깨끗해서 다음번에도 꼭 재방문 할게요~ 맛있게 먹고 가용~ 감사합니다^^,9,0.9853367209434508,5.0
19.1.15.화,"4명이서 D세트 먹었는데 부족함 없이 배불리 먹었습니다. 서비스로 나오는 순두부도 맛있고 맛이 강하지 않아 건강식 먹은 기분이었습니다. 만두전골,보쌈,나물 여러가지가 있어서 좋았습니다.",9,0.7309525012969971,5.0
19.1.14.월,친절하시고 너무단백하니 맛났어용 감사합니다,9,0.9776452779769896,5.0
19.1.13.일,"30분전에 예약하고 바로 이용했습니다. 예약시 주문한 메뉴랑 다른것을 주문하여도 흔쾌히 변경해주셨어요~ 직원분들 굉장히 친절하시구요. 맛은 원래 종종 이용했던 곳이라 보장합니다~ 두부에 잣이 많이 들어있어어 고소하고
담백합니다. 저희는 9명(유아1명 어린이1명 포함)이서 B세트 2개랑 모두부2개랑 막국수2개 추가해서 먹었는데요~ 양이 무척많아서 아주 푸짐하게 먹었답니다~ 음료수랑  두부과자도 선물로 주셔서 매우 행복한 식사였답니다~
 재방문의사 200%예요~ 여름에는 막국수도 굉장히 시원하구요~ 겨울에 전골 끝내주네요~ 감사히 잘 먹고갑니다^^",9,0.9929279685020448,5.0
19.1.3.목,"별빛축제 수목원갔다가 예약하고 들렀는데 역시 따뜻한 전골이 좋네요. (전골시키면 메밀전도 나오네요)
국물이 맑지만 시원하고 깔끔했습니다. 반찬도 종류가 많진않지만 깔끔하고 정갈한느낌
잣두부도 진짜 맛있고 대체적으로 식당부터 음식까지 깔끔함. 추천",9,0.9375369548797609,5.0
18.12.31.월,몇번째방문인진 몰라도 올때마다 맛있게먹고갑니다.,9,0.5365563035011292,5.0
18.12.31.월,가족들과 함께 갈만한곳을 검색끝에 예약하고 방문. 전체적으로 맛이 깔끔합니다 육수가 너무 개운하고맛있어서 조금더 달라하니 직원분도 친절하게 갖다주셔서 기분좋게 식사했어요 다음엔 부모님과 함께 한번더 와야겠어요!!,9,0.8599348664283752,5.0
18.12.31.월,식당 깔끔하고 맛도 정갈하니 잘먹었습니다. 우리 꼬맹이들이 다 잘먹어서 기분이 좋았어요~ 번창하세요,9,0.9851546883583068,5.0
18.12.30.일,다른 음식도 다 맛있지만 특히 메밀막국수가 정말 맛있어요! 막국수 먹고싶을 때마다 찾을 것 같아요~,9,0.9179385304450988,5.0
18.12.30.일,"가평올때마다 꼭 들르는 집입니다^^ 아이들이 아직 어려서 맵지않게 해달라고 하는데 그럼에도 불구하고 국물이 너무 시원해요 ㅎ 아이들이 두부를 너무 좋아하네요! 자녀들이 어린집은 더욱더 초강추!!^^ 관광지에서 이정도로 
깔끔한 반찬에 푸짐한 상은 잘 보기가 힘든데 메인메뉴와 반찬들의 조화가 너무 좋네요 ㅎㅎ",9,0.9891124367713928,5.0
